hochschulort,wohnheime_2025_anzahl,wohnheimplaetze_2025,studierende_ws_2024_2025,studierende_je_wohnheimplatz_2025
Aalen,7,531,4117,8
Albstadt,2,82,1392,17
Bad Mergentheim 4),2,35,550,16
Biberach,1,64,2122,33
Esslingen 5),5,857,4807,6
Freiburg,57,6649,32523,5
Friedrichshafen,1,197,1708,9
Furtwangen,5,291,2458,8
Geislingen,4,244,3020,12
Göppingen 5),1,128,1040,8
Heidelberg 6),61,6652,32346,5
Heilbronn 7),3,454,9031,20
Hohenheim,8,1214,8239,7
Karlsruhe,29,4371,36857,8
Kehl,2,343,1287,4
Konstanz,19,3351,14316,4
Ludwigsburg 8),4,1619,10046,6
Mannheim 6),17,3268,27000,8
Mosbach 4),2,103,2589,25
Nürtingen,2,302,2206,7
Offenburg,4,246,3641,15
Pforzheim,4,669,5574,8
Ravensburg 9),3,260,5516,21
Reutlingen,4,914,5261,6
Rottenburg,2,46,898,20
Schwäbisch-Gmünd,2,297,3218,11
Sigmaringen,1,77,1218,16
Stuttgart,22,6335,38534,6
Trossingen,-,73,434,6
Tübingen,28,4477,28258,6
Ulm,12,1759,12576,7
Villingen-Schwenningen,3,135,4206,31
Weingarten 9),4,702,2985,4
"Baden-Württemberg 
insgesamt",321,46745,317790,7
Amberg,3,175,1570,9
Ansbach,2,175,3993,23
Aschaffenburg,2,265,3778,14
Augsburg,15,2764,27087,10
Bamberg,11,1523,10616,7
Bayreuth 10),12,1840,11342,6
Benediktbeuern 11),1,50,493,10
Cham 12),1,8,560,70
Coburg,8,634,4648,7
Deggendorff 12),7,468,6705,14
Eichstätt,7,422,3936,9
Erlangen,27,3322,30562,9
Garching,2,222,23067,104
Hof 13),4,384,3763,10
Ingolstadt,20,740,8767,12
Kempten,11,480,4643,10
Kulmbach 10),1,51,371,7
Landshut,4,565,4916,9
München 11),51,11459,114290,10
Neuendettelsau,1,76,106,1
Neu-Ulm,1,151,4133,27
Nürnberg,13,1850,25562,14
Passau,8,1035,10683,10
Regensburg,19,2884,31756,11
Rosenheim,3,518,5637,11
Rottal-Inn/ Pfarrkirchen,1,60,1589,26
Schweinfurt,5,379,3144,8
Straubing,1,16,1309,82
Triesdorf,8,189,2030,11
Weiden,3,171,2635,15
Weihenstephan 14),3,838,8539,10
Würzburg,25,3946,32587,8
Bayern insgesamt,280,37660,401412,11
Berlin insgesamt,31,9120,179270,20
Brandenburg,2,295,2487,8
Cottbus 15),4,1632,5984,3
Eberswalde,3,395,2281,6
Frankfurt/Oder,6,1318,3932,3
Postdam,28,2439,24307,10
Senftenberg 15),1,410,1067,3
Wildau,4,448,3339,7
Brandenburg insgesamt,48,6937,43397,6
Bremen,11,2205,27331,12
Bremerhaven,2,132,2907,22
Bremen insgesamt,13,2337,30238,13
Hamburg insgesamt,36,5465,73136,13
Darmstadt,17,3461,38552,11
Frankfurt am Main,46,5599,56771,10
Friedberg,2,283,3878,14
Fulda,6,594,8434,14
Geisenheim 16),2,87,1376,16
Gießen,11,2680,33567,13
Kassel,26,1374,21352,16
Marburg,34,2577,20498,8
Offenbach 16),2,80,807,10
Rüsselsheim 16),4,218,2373,11
Wiesbaden 16),11,954,9883,10
Hessen insgesamt,161,17907,199344,11
Greifswald,7,954,9868,10
Neubrandenburg,1,401,1832,5
Rostock,14,1547,13394,9
Stralsund,1,259,1770,7
Wismar,4,404,2737,7
Mecklenburg-Vorpommern insgesamt,27,3565,29601,8
Braunschweig,10,2486,16550,7
Buxtehude,1,179,1061,6
Clausthal-Zellerfeld,7,939,2759,3
Elsfleth,1,32,528,17
Emden,4,359,3462,10
Göttingen,34,5433,34254,6
Hannover,20,3226,43101,13
Hildesheim,2,691,10822,16
Holzminden,-,3,1053,351
Lingen,2,95,2136,22
Lüneburg,6,972,9395,10
Oldenburg,9,2227,17410,8
Osnabrück,21,2156,24218,11
Suderburg,2,146,931,6
Vechta,1,198,3734,19
Wilhelmshaven,1,240,3325,14
Wolfenbüttel,4,383,5100,13
Wolfsburg,2,254,2367,9
"Niedersachsen 
insgesamt 17)",127,20019,184588,9
Aachen,35,5460,56493,10
Bielefeld,25,3193,31399,10
Bocholt/ Ahaus 18),1,18,1367,76
Bochum,37,5594,49371,9
Bonn 19),35,4053,34744,9
Detmold,5,244,2949,12
Dortmund,13,2765,42769,15
Duisburg,8,950,13015,14
Düsseldorf,20,3597,40820,11
Essen,11,1747,26060,15
Gelsenkirchen,1,152,3956,26
Gummersbach 20),3,186,3298,18
Hagen,1,31,2172,70
Hamm 21),2,116,2387,21
Heiligenhaus 22),1,42,326,8
Höxter,-,-,605,-
Iserlohn,2,66,1917,29
Jülich,4,574,3432,6
Kamp-Lintfort 23),2,175,2302,13
Kleve 23),4,549,3741,7
Köln,96,5487,75655,14
Krefeld,1,199,4959,25
Lemgo,4,351,2782,8
Leverkusen 20),1,62,612,10
Lippstadt 21),2,121,1945,16
Meschede,1,5,2441,488
Minden,2,118,1441,12
Mönchengladbach,4,252,8010,32
Mülheim 24),3,271,4212,16
Münster,28,5997,54107,9
Paderborn,6,1843,18135,10
Rheinbach,1,30,2740,91
Siegen,15,1043,14439,14
Soest,1,39,3653,94
St. Augustin 19),1,49,5983,122
Steinfurt,1,194,3586,18
Wuppertal,7,1217,20883,17
"Nordrhein-Westfalen 
insgesamt",384,46790,552623,12
Bingen,3,155,2160,14
Birkenfeld,7,439,1630,4
Germersheim,2,333,862,3
Kaiserslautern,20,1899,12394,7
Koblenz,4,599,15666,26
Landau,5,489,6879,14
Ludwigshafen,1,174,4128,24
Mainz,15,4912,34035,7
Pirmasens,1,104,583,6
Remagen,2,177,2440,14
Speyer,2,160,260,2
Trier,7,1731,15097,9
Worms,3,266,3111,12
Zweibrücken,1,129,2233,17
Rheinland-Pfalz insgesamt,73,11567,102074,9
Homburg,4,400,2043,5
Saarbrücken,4,694,20587,30
Saarland insgesamt,8,1094,22630,21
Chemnitz,9,1946,8316,4
Dresden,31,5841,36441,6
Freiberg,10,1066,4423,4
Görlitz 25),y,y,y,y
Leipzig,15,5257,40560,8
Mittweida,5,474,6191,13
Zittau 25),8,758,2753,4
Zwickau,4,720,3068,4
Sachsen insgesamt,82,16062,101752,6
Bernburg,4,315,2731,9
Dessau 26),2,127,1622,13
Halle,10,1505,20117,13
Köthen 26),5,616,2361,4
Magdeburg,12,1401,16250,12
Merseburg,4,445,2632,6
Stendal,-,-,1490,-
Wernigerode,5,245,2132,9
Sachsen-Anhalt insgesamt,42,4654,49987,11
Flensburg,6,507,8706,17
Heide,1,111,1386,12
Kiel,17,2465,33465,14
Lübeck,5,581,11280,19
Wedel,1,72,978,14
"Schleswig-Holstein 
insgesamt",30,3736,55815,15
Erfurt,11,1348,9477,7
Ilmenau,13,1642,4134,3
Jena,29,3163,20121,6
Nordhausen,6,218,1753,8
Schmalkalden,2,543,2933,5
Weimar,12,1160,4576,4
Thüringen insgesamt 27),73,8074,44468,6
Deutschland insgesamt,1736,241732,2388125,10
,,,,
"Quelle: Deutsches Studentenwerk, Wohnraum für Studierende; Deutsches Zentrum für Hochschul- und Wissenschaftsforschung, Berechnungen",,,,
,,,,
Anmerkungen:,,,,
"1) Es werden nur Hochschulorte ausgewiesen, für die im aktuellen Jahr Daten zu Studentenwohnheimen vorliegen.",,,,
"2) Studierende an der FernUniversität in Hagen, Studierende an den Hochschulen der Bundeswehr und an den Verwaltungsfachhochschulen der Länder sowie berufsbegleitend Studierende wurden nicht erfasst. Studierende an privaten Hochschulen sind nur berücksichtigt, sofern eine staatliche Zuständigkeit vorliegt. Die ausgewiesene Gesamtzahl der Studierenden ist daher entsprechend niedriger als in der offiziellen Studierendenstatistik des Statistischen Bundesamtes.",,,,
,,,,
,,,,
3) Einschließlich weitere Wohnheimplätze (Privatzimmerförderung).,,,,
4) In den Jahren 2006 bis 2009 sind Werte für Mosbach einschließlich Bad Mergentheim.,,,,
5) Ab 2007 Esslingen einschließlich Göppingen.,,,,
6) Ab 2017 Heidelberg einschließlich Studierende der Medizinischen Fakultät der Universität Mannheim.,,,,
7) 2006 bis 2016 einschließlich Künzelsau.,,,,
"8) Ab 2020 einschließlich der Hochschule für öffentliche Verwaltung und Finanzen Ludwigsburg, Standort Reutlingen.",,,,
"9) In den Jahren 2002, 2003, 2006 bis 2009 und 2013 sind Werte für Ravensburg einschließlich Weingarten.",,,,
10) Bayreuth 2023 einschließlich Kulmbach. Ab 2024 wird Kulmbach separat ausgewiesen.,,,,
11) 2010 bis 2017 München einschließlich Benediktbeuern.,,,,
12) 2023 Deggendorf einschließlich des Standortes in Cham sowie 2023 und 2024 einschließlich des Standortes in Weißenburg.,,,,
13) Ab 2010 Hof einschließlich Münchberg.,,,,
14) Ab 2017 einschließlich Freising.,,,,
15) Zahl der Studierenden in Senftenberg wird 2021 bis 2023 unter Cottbus gemeldet. Für die Berechnung der Zahl der Studierenden je Wohnheimplatz für Cottbus werden daher in diesen Jahren auch die Wohnheimplätze in Senftenberg hinzugezogen.,,,,
,,,,
"16) Bis 2009 Wiesbaden einschließlich Offenbach, Rüsselsheim und Geisenheim.",,,,
"17) Da für die Hochschulorte keine aktuellen Zahlen über die Wohnheimplätze anderer Träger vorliegen, werden in 2014 und 2015 die Daten des Vorjahres übernommen, in 2016 bis 2018 werden diese Daten geschätzt und 2020 aus den Vorjahren übernommen.",,,,
,,,,
18) Bis 2016 einschließlich Recklinghausen und Heiligenhaus. Ab 2017 einschließlich Ahaus.,,,,
19) St. Augustin bis 2016 unter Bonn ausgewiesen.,,,,
20) Leverkusen bis 2016 unter Gummersbach ausgewiesen.,,,,
21) Lippstadt bis 2016 unter Hamm ausgewiesen.,,,,
22) Bis 2021 einschließlich Velbert.,,,,
23) Kleve bis 2016 unter Kamp-Lintfort ausgewiesen.,,,,
24) Bis 2016 einschließlich Bottrop.,,,,
25) Ab 2005 Zittau einschließlich Görlitz.,,,,
26) Im Jahr 2009 Köthen einschließlich Dessau.,,,,
27) Anzahl der Studierenden in Thüringen im WS 2024/2025 ist vorläufig.,,,,
,,,,
- = Keine Daten auszuweisen oder 0.,,,,
y = Daten an anderer Stelle enthalten.,,,,
,,,,
Letzte Aktualisierung: 7. Januar 2026,,,,
,,,,
Dieses Werk ist lizenziert unter einer Datenlizenz Deutschland Namensnennung 2.0.,,,,
(https://www.govdata.de/dl-de/by-2-0),,,,
